id,titulo,empresa,localidade,estado,modalidade,nivel,salario_min,salario_max,descricao,salario_medio,titulo_normalizado,descricao_normalizada,skills,qtd_skills
1,Estagio em Data Analytics,TechNova,Sao Paulo,SP,Hibrido,Estagio,1200,1800,Apoiar analises de dados usando Excel SQL Power BI e Python. Criar dashboards e acompanhar indicadores de negocio.,1500.0,estagio em data analytics,apoiar analises de dados usando excel sql power bi e python. criar dashboards e acompanhar indicadores de negocio.,"['SQL', 'Python', 'Power BI', 'Excel']",4
2,Estagiario de BI,LojaMais,Curitiba,PR,Presencial,Estagio,1000,1500,"Auxiliar na construcao de relatorios em Power BI, consultas SQL e organizacao de planilhas Excel.",1250.0,estagiario de bi,"auxiliar na construcao de relatorios em power bi, consultas sql e organizacao de planilhas excel.","['SQL', 'Power BI', 'Excel', 'Google Sheets']",4
3,Analista de Dados Junior,FinData,Rio de Janeiro,RJ,Hibrido,Junior,2800,3800,"Realizar EDA com Python Pandas, criar consultas SQL e apoiar times de produto com dashboards.",3300.0,analista de dados junior,"realizar eda com python pandas, criar consultas sql e apoiar times de produto com dashboards.","['SQL', 'Python', 'Pandas']",3
4,Estagio em Dados,HealthCore,Belo Horizonte,MG,Remoto,Estagio,1300,2000,"Trabalhar com limpeza de dados, Excel, Google Sheets, SQL basico e visualizacoes em Looker Studio.",1650.0,estagio em dados,"trabalhar com limpeza de dados, excel, google sheets, sql basico e visualizacoes em looker studio.","['SQL', 'Excel', 'Google Sheets', 'Looker Studio']",4
5,Assistente de Dados,AgroView,Ribeirao Preto,SP,Presencial,Entrada,1900,2500,"Organizar bases comerciais, tratar arquivos CSV, construir metricas em Excel e apoiar relatorios semanais.",2200.0,assistente de dados,"organizar bases comerciais, tratar arquivos csv, construir metricas em excel e apoiar relatorios semanais.",['Excel'],1
6,Analista BI Junior,MarketHub,Sao Paulo,SP,Hibrido,Junior,3000,4200,"Desenvolver dashboards em Power BI, modelagem simples, DAX, SQL e acompanhamento de KPIs.",3600.0,analista bi junior,"desenvolver dashboards em power bi, modelagem simples, dax, sql e acompanhamento de kpis.","['SQL', 'Power BI', 'DAX']",3
7,Estagiario Analytics,AppFlow,Florianopolis,SC,Remoto,Estagio,1400,2200,"Apoiar analises exploratorias com Python, Pandas e SQL. Gerar insights para marketing e produto.",1800.0,estagiario analytics,"apoiar analises exploratorias com python, pandas e sql. gerar insights para marketing e produto.","['SQL', 'Python', 'Pandas']",3
8,Data Analyst Intern,CloudBridge,Campinas,SP,Hibrido,Estagio,1500,2300,"Criar pipelines simples em Python, consultar banco PostgreSQL e manter paineis de Power BI.",1900.0,data analyst intern,"criar pipelines simples em python, consultar banco postgresql e manter paineis de power bi.","['SQL', 'Python', 'Power BI']",3
9,Analista de Dados Junior,PayLoop,Porto Alegre,RS,Remoto,Junior,3200,4500,"Analisar comportamento de clientes usando SQL, Python, estatistica descritiva e dashboards.",3850.0,analista de dados junior,"analisar comportamento de clientes usando sql, python, estatistica descritiva e dashboards.","['SQL', 'Python', 'Estatistica']",3
10,Estagio em Business Intelligence,EduNext,Recife,PE,Presencial,Estagio,1100,1600,"Construir relatorios, apoiar area comercial, usar Excel avancado, Power BI e SQL.",1350.0,estagio em business intelligence,"construir relatorios, apoiar area comercial, usar excel avancado, power bi e sql.","['SQL', 'Power BI', 'Excel']",3
11,Assistente de BI,Foodly,Goiania,GO,Hibrido,Entrada,2100,2800,"Atualizar dashboards, tratar dados de vendas, criar consultas SQL e acompanhar indicadores.",2450.0,assistente de bi,"atualizar dashboards, tratar dados de vendas, criar consultas sql e acompanhar indicadores.",['SQL'],1
12,Estagiario de Dados,LogiTrack,Sao Paulo,SP,Remoto,Estagio,1300,1900,"Extrair dados de planilhas e APIs, limpar bases com Python e gerar visualizacoes em Power BI.",1600.0,estagiario de dados,"extrair dados de planilhas e apis, limpar bases com python e gerar visualizacoes em power bi.","['Python', 'Power BI', 'Google Sheets', 'APIs']",4
13,Analista de Dados Junior,RetailPro,Salvador,BA,Hibrido,Junior,2700,3600,"Criar analises de vendas com SQL, Excel, Python e storytelling para apresentacoes executivas.",3150.0,analista de dados junior,"criar analises de vendas com sql, excel, python e storytelling para apresentacoes executivas.","['SQL', 'Python', 'Excel']",3
14,Estagio em BI,InsureLab,Barueri,SP,Hibrido,Estagio,1200,1800,"Apoiar modelagem de dados, atualizar Power BI, escrever consultas SQL e documentar processos.",1500.0,estagio em bi,"apoiar modelagem de dados, atualizar power bi, escrever consultas sql e documentar processos.","['SQL', 'Power BI']",2
15,Analista de Dados Jr,PeopleOps,Rio de Janeiro,RJ,Remoto,Junior,2900,3900,"Analisar dados de RH, criar metricas, tratar bases em Pandas, SQL e construir dashboards.",3400.0,analista de dados jr,"analisar dados de rh, criar metricas, tratar bases em pandas, sql e construir dashboards.","['SQL', 'Pandas']",2
16,Estagiario Data Analytics,BankLite,Brasilia,DF,Hibrido,Estagio,1600,2400,"Apoiar analises financeiras com SQL, Python, Excel e visualizacoes para tomada de decisao.",2000.0,estagiario data analytics,"apoiar analises financeiras com sql, python, excel e visualizacoes para tomada de decisao.","['SQL', 'Python', 'Excel']",3
17,Assistente de Dados,AutoParts,Joinville,SC,Presencial,Entrada,2000,2600,"Tratar dados de estoque, criar indicadores em Excel, atualizar dashboards e validar cadastros.",2300.0,assistente de dados,"tratar dados de estoque, criar indicadores em excel, atualizar dashboards e validar cadastros.",['Excel'],1
18,Analista BI Junior,MediaSpark,Sao Paulo,SP,Remoto,Junior,3100,4300,"Criar relatorios de marketing, trabalhar com Looker Studio, SQL, Power BI e analise de funil.",3700.0,analista bi junior,"criar relatorios de marketing, trabalhar com looker studio, sql, power bi e analise de funil.","['SQL', 'Power BI', 'Looker Studio']",3
19,Estagio em Analytics,MobiPay,Fortaleza,CE,Remoto,Estagio,1200,1900,"Apoiar extracao e analise de dados com SQL, Python e Google Sheets. Criar graficos e insights.",1550.0,estagio em analytics,"apoiar extracao e analise de dados com sql, python e google sheets. criar graficos e insights.","['SQL', 'Python', 'Google Sheets']",3
20,Analista de Dados Junior,GreenGrid,Curitiba,PR,Hibrido,Junior,3000,4100,"Construir analises operacionais, limpar dados com Pandas, usar SQL e apresentar resultados.",3550.0,analista de dados junior,"construir analises operacionais, limpar dados com pandas, usar sql e apresentar resultados.","['SQL', 'Pandas']",2
21,Estagiario de BI,ShopFast,Sao Paulo,SP,Hibrido,Estagio,1400,2100,"Suporte a dashboards de e-commerce, Power BI, Excel, SQL e definicao de KPIs.",1750.0,estagiario de bi,"suporte a dashboards de e-commerce, power bi, excel, sql e definicao de kpis.","['SQL', 'Power BI', 'Excel']",3
22,Assistente de Analytics,TravelGo,Rio de Janeiro,RJ,Presencial,Entrada,2200,3000,"Organizar dados de campanhas, criar dashboards em Looker Studio e analisar metricas de conversao.",2600.0,assistente de analytics,"organizar dados de campanhas, criar dashboards em looker studio e analisar metricas de conversao.",['Looker Studio'],1
23,Estagio em Dados,DataCare,Campinas,SP,Remoto,Estagio,1300,2000,"Usar Python, Pandas, SQL e estatistica basica para apoiar analises de produto.",1650.0,estagio em dados,"usar python, pandas, sql e estatistica basica para apoiar analises de produto.","['SQL', 'Python', 'Pandas', 'Estatistica']",4
24,Analista de Dados Junior,NeoBank,Sao Paulo,SP,Hibrido,Junior,3500,5000,"Criar consultas SQL, dashboards Power BI, analises de cohort e relatorios para lideranca.",4250.0,analista de dados junior,"criar consultas sql, dashboards power bi, analises de cohort e relatorios para lideranca.","['SQL', 'Power BI']",2
